-- create tables

create table jobs (
    id      number generated by default on null as identity
            constraint jobs_id_pk primary key,
    name    varchar2(255 char)
            constraint jobs_name_unq unique constraint jobs_name_ck
            check (name in ('developer','analyst','manager','assistant'))
);



create table departments (
    id             number generated by default on null as identity
                   constraint departments_id_pk primary key,
    name           varchar2(100 char)
                   constraint departments_name_unq unique not null constraint departments_name_ck
                   check (name in ('hr','development','legal','sales','operations')),
    cost_center    number
);



create table employees (
    id            number generated by default on null as identity
                  constraint employees_id_pk primary key,
    job_id        number                  constraint employees_job_id_fk
                  references jobs,
    first_name    varchar2(100 char),
    last_name     varchar2(100 char),
    email         varchar2(100 char),
    hire_date     date,
    city          varchar2(100 char),
    country       varchar2(100 char)
);

-- table index
create index employees_i1 on employees (job_id);



-- triggers
create or replace trigger jobs_biu
    before insert or update
    on jobs
    for each row
begin
    :new.name := upper(:new.name);
end jobs_biu;
/


create or replace trigger departments_biu
    before insert or update
    on departments
    for each row
begin
    :new.name := upper(:new.name);
end departments_biu;
/


create or replace trigger employees_biu
    before insert or update
    on employees
    for each row
begin
    :new.email := lower(:new.email);
end employees_biu;
/


-- load data

insert into jobs (
    id,
    name
) values (
    1,
    'manager'
);
insert into jobs (
    id,
    name
) values (
    2,
    'assistant'
);
insert into jobs (
    id,
    name
) values (
    3,
    'developer'
);
insert into jobs (
    id,
    name
) values (
    4,
    'assistant'
);

commit;

alter table jobs
modify id generated always  as identity restart start with 5;


insert into departments (
    id,
    name,
    cost_center
) values (
    1,
    'sales',
    97
);
insert into departments (
    id,
    name,
    cost_center
) values (
    2,
    'development',
    97
);
insert into departments (
    id,
    name,
    cost_center
) values (
    3,
    'sales',
    84
);
insert into departments (
    id,
    name,
    cost_center
) values (
    4,
    'operations',
    58
);
insert into departments (
    id,
    name,
    cost_center
) values (
    5,
    'hr',
    78
);

commit;

alter table departments
modify id generated always  as identity restart start with 6;


insert into employees (
    id,
    job_id,
    first_name,
    last_name,
    email,
    hire_date,
    city,
    country
) values (
    1,
    3,
    'Jack',
    'Nesi',
    'buoki@kawo.bh',
    '10/01/23',
    'Covdiiku',
    'MH'
);
insert into employees (
    id,
    job_id,
    first_name,
    last_name,
    email,
    hire_date,
    city,
    country
) values (
    2,
    1,
    'Cecelia',
    'Louis',
    'razworgaz@we.tr',
    '10/01/23',
    'Cugewpap',
    'CR'
);
insert into employees (
    id,
    job_id,
    first_name,
    last_name,
    email,
    hire_date,
    city,
    country
) values (
    3,
    4,
    'Elnora',
    'Martin',
    'ketbeun@sim.gf',
    '10/01/23',
    'Honunuh',
    'BD'
);
insert into employees (
    id,
    job_id,
    first_name,
    last_name,
    email,
    hire_date,
    city,
    country
) values (
    4,
    4,
    'Elizabeth',
    'Kaneko',
    'uglitma@ziru.kg',
    '10/01/23',
    'Lipaka',
    'AL'
);
insert into employees (
    id,
    job_id,
    first_name,
    last_name,
    email,
    hire_date,
    city,
    country
) values (
    5,
    1,
    'Katie',
    'Bolton',
    'binotse@wo.ec',
    '10/01/23',
    'Canasmal',
    'EA'
);
insert into employees (
    id,
    job_id,
    first_name,
    last_name,
    email,
    hire_date,
    city,
    country
) values (
    6,
    1,
    'Gabriel',
    'Sherman',
    'zu@ro.gov',
    '10/01/23',
    'Sevizazis',
    'SK'
);
insert into employees (
    id,
    job_id,
    first_name,
    last_name,
    email,
    hire_date,
    city,
    country
) values (
    7,
    3,
    'Myrtie',
    'Sorrentino',
    'zovba@uf.kz',
    '10/01/23',
    'Afidejum',
    'SR'
);
insert into employees (
    id,
    job_id,
    first_name,
    last_name,
    email,
    hire_date,
    city,
    country
) values (
    8,
    4,
    'Bruce',
    'Biancalani',
    'ra@cawe.bv',
    '10/01/23',
    'Gigucako',
    'ET'
);
insert into employees (
    id,
    job_id,
    first_name,
    last_name,
    email,
    hire_date,
    city,
    country
) values (
    9,
    1,
    'Carrie',
    'Bennett',
    'pihaw@zamuneb.ws',
    '10/01/23',
    'Mohohe',
    'BJ'
);
insert into employees (
    id,
    job_id,
    first_name,
    last_name,
    email,
    hire_date,
    city,
    country
) values (
    10,
    4,
    'Winnie',
    'Schaap',
    'izuapa@ojobov.ci',
    '10/01/23',
    'Ahwabgob',
    'AW'
);
insert into employees (
    id,
    job_id,
    first_name,
    last_name,
    email,
    hire_date,
    city,
    country
) values (
    11,
    3,
    'Lucas',
    'Bartolozzi',
    'pok@zavig.cy',
    '10/01/23',
    'Vufzenno',
    'LU'
);
insert into employees (
    id,
    job_id,
    first_name,
    last_name,
    email,
    hire_date,
    city,
    country
) values (
    12,
    4,
    'Caroline',
    'Pierre',
    'wakezpo@nepjekaj.ni',
    '10/01/23',
    'Wikdama',
    'TW'
);
insert into employees (
    id,
    job_id,
    first_name,
    last_name,
    email,
    hire_date,
    city,
    country
) values (
    13,
    2,
    'Leo',
    'Di Stefano',
    'pes@duche.qa',
    '10/01/23',
    'Puwivle',
    'IQ'
);
insert into employees (
    id,
    job_id,
    first_name,
    last_name,
    email,
    hire_date,
    city,
    country
) values (
    14,
    4,
    'Lucy',
    'Holt',
    'refeze@giozu.ye',
    '10/01/23',
    'Aheusne',
    'CH'
);
insert into employees (
    id,
    job_id,
    first_name,
    last_name,
    email,
    hire_date,
    city,
    country
) values (
    15,
    3,
    'Verna',
    'Morris',
    'lepfo@kozhonmi.bo',
    '10/01/23',
    'Buzotej',
    'ER'
);
insert into employees (
    id,
    job_id,
    first_name,
    last_name,
    email,
    hire_date,
    city,
    country
) values (
    16,
    3,
    'Martha',
    'Matsumoto',
    'likuswuj@oh.mr',
    '10/01/23',
    'Vimugis',
    'CZ'
);
insert into employees (
    id,
    job_id,
    first_name,
    last_name,
    email,
    hire_date,
    city,
    country
) values (
    17,
    1,
    'Walter',
    'Wallace',
    'zi@ti.gov',
    '10/01/23',
    'Nehegar',
    'JO'
);
insert into employees (
    id,
    job_id,
    first_name,
    last_name,
    email,
    hire_date,
    city,
    country
) values (
    18,
    1,
    'Bessie',
    'Greenwood',
    'soadudew@hi.mw',
    '10/01/23',
    'Fimzitu',
    'UA'
);
insert into employees (
    id,
    job_id,
    first_name,
    last_name,
    email,
    hire_date,
    city,
    country
) values (
    19,
    3,
    'Franklin',
    'Longo',
    'ewuwip@redfecuh.sk',
    '10/01/23',
    'Botlatsik',
    'MT'
);
insert into employees (
    id,
    job_id,
    first_name,
    last_name,
    email,
    hire_date,
    city,
    country
) values (
    20,
    4,
    'Angel',
    'Massai',
    'catjal@fitu.sb',
    '10/01/23',
    'Vavasa',
    'DK'
);
insert into employees (
    id,
    job_id,
    first_name,
    last_name,
    email,
    hire_date,
    city,
    country
) values (
    21,
    4,
    'Seth',
    'Landi',
    'ofosid@daej.mp',
    '10/01/23',
    'Pofafe',
    'BW'
);
insert into employees (
    id,
    job_id,
    first_name,
    last_name,
    email,
    hire_date,
    city,
    country
) values (
    22,
    2,
    'Rachel',
    'Vogel',
    'datefjo@vi.er',
    '10/01/23',
    'Kirmanul',
    'YE'
);
insert into employees (
    id,
    job_id,
    first_name,
    last_name,
    email,
    hire_date,
    city,
    country
) values (
    23,
    1,
    'Della',
    'Fitzgerald',
    'toosku@bakibhi.cf',
    '10/01/23',
    'Ezwujwu',
    'BA'
);
insert into employees (
    id,
    job_id,
    first_name,
    last_name,
    email,
    hire_date,
    city,
    country
) values (
    24,
    3,
    'Shawn',
    'Evans',
    'ig@jat.vi',
    '10/01/23',
    'Neofuven',
    'FO'
);
insert into employees (
    id,
    job_id,
    first_name,
    last_name,
    email,
    hire_date,
    city,
    country
) values (
    25,
    2,
    'Nicholas',
    'Ruggeri',
    'hate@fu.ve',
    '10/01/23',
    'Kamopjuz',
    'PW'
);
insert into employees (
    id,
    job_id,
    first_name,
    last_name,
    email,
    hire_date,
    city,
    country
) values (
    26,
    2,
    'Jeanette',
    'Schwarz',
    'baftuto@ezuc.lb',
    '10/01/23',
    'Vivbesom',
    'SR'
);
insert into employees (
    id,
    job_id,
    first_name,
    last_name,
    email,
    hire_date,
    city,
    country
) values (
    27,
    2,
    'Walter',
    'Micheli',
    'laum@gu.de',
    '10/01/23',
    'Vupegroh',
    'BZ'
);
insert into employees (
    id,
    job_id,
    first_name,
    last_name,
    email,
    hire_date,
    city,
    country
) values (
    28,
    2,
    'Gertrude',
    'Lévêque',
    'kumangu@ul.ba',
    '10/01/23',
    'Temuhsum',
    'BE'
);
insert into employees (
    id,
    job_id,
    first_name,
    last_name,
    email,
    hire_date,
    city,
    country
) values (
    29,
    3,
    'Edgar',
    'Greco',
    'nulcun@gelet.cr',
    '10/01/23',
    'Adoucewew',
    'TC'
);
insert into employees (
    id,
    job_id,
    first_name,
    last_name,
    email,
    hire_date,
    city,
    country
) values (
    30,
    2,
    'Leon',
    'D'Angelo',
    'goh@zisre.uk',
    '10/01/23',
    'Efarilrag',
    'KN'
);
insert into employees (
    id,
    job_id,
    first_name,
    last_name,
    email,
    hire_date,
    city,
    country
) values (
    31,
    4,
    'Steve',
    'Simmons',
    'piv@wojem.ls',
    '10/01/23',
    'Pebcifom',
    'MQ'
);
insert into employees (
    id,
    job_id,
    first_name,
    last_name,
    email,
    hire_date,
    city,
    country
) values (
    32,
    3,
    'Mitchell',
    'Leonardi',
    'sinnel@ehjum.ss',
    '10/01/23',
    'Ebjefji',
    'CK'
);
insert into employees (
    id,
    job_id,
    first_name,
    last_name,
    email,
    hire_date,
    city,
    country
) values (
    33,
    2,
    'Walter',
    'Saunders',
    'fe@veig.tz',
    '10/01/23',
    'Zuztevaj',
    'MT'
);
insert into employees (
    id,
    job_id,
    first_name,
    last_name,
    email,
    hire_date,
    city,
    country
) values (
    34,
    4,
    'Clarence',
    'Carraresi',
    'bo@dicej.sk',
    '10/01/23',
    'Mulatrag',
    'ET'
);
insert into employees (
    id,
    job_id,
    first_name,
    last_name,
    email,
    hire_date,
    city,
    country
) values (
    35,
    1,
    'Leila',
    'Thomas',
    'iciifed@kij.kn',
    '10/01/23',
    'Zeerfu',
    'TD'
);
insert into employees (
    id,
    job_id,
    first_name,
    last_name,
    email,
    hire_date,
    city,
    country
) values (
    36,
    3,
    'Landon',
    'Holt',
    'vim@ti.net',
    '10/01/23',
    'Kinfomke',
    'NG'
);
insert into employees (
    id,
    job_id,
    first_name,
    last_name,
    email,
    hire_date,
    city,
    country
) values (
    37,
    2,
    'Stanley',
    'Bardazzi',
    'aw@kivuwip.be',
    '10/01/23',
    'Waskujril',
    'YT'
);
insert into employees (
    id,
    job_id,
    first_name,
    last_name,
    email,
    hire_date,
    city,
    country
) values (
    38,
    1,
    'Glenn',
    'Donnini',
    'abe@launuela.au',
    '10/01/23',
    'Bojbatko',
    'TM'
);
insert into employees (
    id,
    job_id,
    first_name,
    last_name,
    email,
    hire_date,
    city,
    country
) values (
    39,
    1,
    'Chase',
    'Crawford',
    'vit@kusut.md',
    '10/01/23',
    'Miladiiha',
    'LR'
);
insert into employees (
    id,
    job_id,
    first_name,
    last_name,
    email,
    hire_date,
    city,
    country
) values (
    40,
    4,
    'Nell',
    'Targioni',
    'wigvo@vofkogdez.ru',
    '10/01/23',
    'Peopueda',
    'GR'
);
insert into employees (
    id,
    job_id,
    first_name,
    last_name,
    email,
    hire_date,
    city,
    country
) values (
    41,
    1,
    'Brian',
    'Cherici',
    'te@zoluzu.al',
    '10/01/23',
    'Sovusec',
    'DJ'
);
insert into employees (
    id,
    job_id,
    first_name,
    last_name,
    email,
    hire_date,
    city,
    country
) values (
    42,
    3,
    'Evan',
    'Simpson',
    'lig@lus.bm',
    '10/01/23',
    'Imicojom',
    'NP'
);
insert into employees (
    id,
    job_id,
    first_name,
    last_name,
    email,
    hire_date,
    city,
    country
) values (
    43,
    1,
    'Duane',
    'Bardelli',
    'gud@wet.ni',
    '10/01/23',
    'Izesantu',
    'MP'
);
insert into employees (
    id,
    job_id,
    first_name,
    last_name,
    email,
    hire_date,
    city,
    country
) values (
    44,
    4,
    'Christine',
    'James',
    'pumiso@dov.cv',
    '10/01/23',
    'Lehecreb',
    'LR'
);
insert into employees (
    id,
    job_id,
    first_name,
    last_name,
    email,
    hire_date,
    city,
    country
) values (
    45,
    3,
    'Gordon',
    'Fitzgerald',
    'faz@map.ec',
    '10/01/23',
    'Uhjioh',
    'CC'
);
insert into employees (
    id,
    job_id,
    first_name,
    last_name,
    email,
    hire_date,
    city,
    country
) values (
    46,
    4,
    'Rosetta',
    'Iwasaki',
    'agipabeg@pakoho.ir',
    '10/01/23',
    'Sovhura',
    'MM'
);
insert into employees (
    id,
    job_id,
    first_name,
    last_name,
    email,
    hire_date,
    city,
    country
) values (
    47,
    1,
    'Cynthia',
    'Hewitt',
    'sirmelma@donit.ve',
    '10/01/23',
    'Haigoro',
    'CI'
);
insert into employees (
    id,
    job_id,
    first_name,
    last_name,
    email,
    hire_date,
    city,
    country
) values (
    48,
    3,
    'Cody',
    'Bencini',
    'iw@irsalni.dj',
    '10/01/23',
    'Azodeze',
    'PM'
);
insert into employees (
    id,
    job_id,
    first_name,
    last_name,
    email,
    hire_date,
    city,
    country
) values (
    49,
    1,
    'Alma',
    'Fowler',
    'safopid@ke.pl',
    '10/01/23',
    'Witwargiz',
    'PW'
);
insert into employees (
    id,
    job_id,
    first_name,
    last_name,
    email,
    hire_date,
    city,
    country
) values (
    50,
    4,
    'Bertie',
    'Volpe',
    'jikeda@go.cn',
    '10/01/23',
    'Rizufvi',
    'LU'
);
insert into employees (
    id,
    job_id,
    first_name,
    last_name,
    email,
    hire_date,
    city,
    country
) values (
    51,
    2,
    'Emily',
    'Verbeek',
    'viko@fumhe.km',
    '10/01/23',
    'Hafatsil',
    'IM'
);
insert into employees (
    id,
    job_id,
    first_name,
    last_name,
    email,
    hire_date,
    city,
    country
) values (
    52,
    4,
    'Ryan',
    'Blake',
    'ho@jeusmi.zm',
    '10/01/23',
    'Keeparoc',
    'BY'
);
insert into employees (
    id,
    job_id,
    first_name,
    last_name,
    email,
    hire_date,
    city,
    country
) values (
    53,
    3,
    'Ronnie',
    'Lee',
    'oli@dutuza.tc',
    '10/01/23',
    'Usragked',
    'CV'
);
insert into employees (
    id,
    job_id,
    first_name,
    last_name,
    email,
    hire_date,
    city,
    country
) values (
    54,
    4,
    'Max',
    'Borghi',
    'bin@gove.th',
    '10/01/23',
    'Tilpakdoj',
    'NA'
);
insert into employees (
    id,
    job_id,
    first_name,
    last_name,
    email,
    hire_date,
    city,
    country
) values (
    55,
    2,
    'Micheal',
    'Guzman',
    'vej@eratuvfip.ax',
    '10/01/23',
    'Dahesje',
    'NA'
);
insert into employees (
    id,
    job_id,
    first_name,
    last_name,
    email,
    hire_date,
    city,
    country
) values (
    56,
    2,
    'Corey',
    'Lanini',
    'tezcis@hawnuf.pm',
    '10/01/23',
    'Dadikemi',
    'SJ'
);
insert into employees (
    id,
    job_id,
    first_name,
    last_name,
    email,
    hire_date,
    city,
    country
) values (
    57,
    1,
    'Ryan',
    'Sandoval',
    'et@pabejgi.mn',
    '10/01/23',
    'Jomibol',
    'CX'
);
insert into employees (
    id,
    job_id,
    first_name,
    last_name,
    email,
    hire_date,
    city,
    country
) values (
    58,
    2,
    'Jeffery',
    'Lanini',
    'luwbib@tacde.ru',
    '10/01/23',
    'Ahhabaz',
    'JE'
);
insert into employees (
    id,
    job_id,
    first_name,
    last_name,
    email,
    hire_date,
    city,
    country
) values (
    59,
    1,
    'Rose',
    'Morin',
    'sakutu@foninjiw.nc',
    '10/01/23',
    'Fiwcotac',
    'SR'
);
insert into employees (
    id,
    job_id,
    first_name,
    last_name,
    email,
    hire_date,
    city,
    country
) values (
    60,
    4,
    'Ruth',
    'Bradley',
    'pusinru@ovufeloc.jo',
    '10/01/23',
    'Afhuden',
    'BA'
);
insert into employees (
    id,
    job_id,
    first_name,
    last_name,
    email,
    hire_date,
    city,
    country
) values (
    61,
    1,
    'Seth',
    'Simon',
    'wig@hitungef.mm',
    '10/01/23',
    'Wekviwik',
    'PH'
);
insert into employees (
    id,
    job_id,
    first_name,
    last_name,
    email,
    hire_date,
    city,
    country
) values (
    62,
    4,
    'Barry',
    'Rodriquez',
    'zun@reja.nl',
    '10/01/23',
    'Ucaedaut',
    'LI'
);
insert into employees (
    id,
    job_id,
    first_name,
    last_name,
    email,
    hire_date,
    city,
    country
) values (
    63,
    3,
    'Alejandro',
    'Miles',
    'dec@ko.es',
    '10/01/23',
    'Canvorac',
    'MK'
);
insert into employees (
    id,
    job_id,
    first_name,
    last_name,
    email,
    hire_date,
    city,
    country
) values (
    64,
    2,
    'Marguerite',
    'Ishii',
    'judbilo@anida.sa',
    '10/01/23',
    'Peprafome',
    'MX'
);
insert into employees (
    id,
    job_id,
    first_name,
    last_name,
    email,
    hire_date,
    city,
    country
) values (
    65,
    2,
    'Gene',
    'Goodman',
    'kem@ziovedu.zw',
    '10/01/23',
    'Zudsova',
    'NF'
);
insert into employees (
    id,
    job_id,
    first_name,
    last_name,
    email,
    hire_date,
    city,
    country
) values (
    66,
    4,
    'Mabel',
    'Leach',
    'lisohuje@lucufda.fj',
    '10/01/23',
    'Ladudnu',
    'IR'
);
insert into employees (
    id,
    job_id,
    first_name,
    last_name,
    email,
    hire_date,
    city,
    country
) values (
    67,
    3,
    'Marie',
    'Parkes',
    'nowufpus@vidbahe.me',
    '10/01/23',
    'Dedguza',
    'NO'
);
insert into employees (
    id,
    job_id,
    first_name,
    last_name,
    email,
    hire_date,
    city,
    country
) values (
    68,
    3,
    'Garrett',
    'Stokes',
    'fef@ve.vg',
    '10/01/23',
    'Pahlosgi',
    'UA'
);
insert into employees (
    id,
    job_id,
    first_name,
    last_name,
    email,
    hire_date,
    city,
    country
) values (
    69,
    4,
    'Jean',
    'Rhodes',
    'wehovuce@guhin.gu',
    '10/01/23',
    'Gookpaf',
    'LB'
);
insert into employees (
    id,
    job_id,
    first_name,
    last_name,
    email,
    hire_date,
    city,
    country
) values (
    70,
    4,
    'Pearl',
    'Holden',
    'dunebuh@ki.km',
    '10/01/23',
    'Lihpiwid',
    'TM'
);
insert into employees (
    id,
    job_id,
    first_name,
    last_name,
    email,
    hire_date,
    city,
    country
) values (
    71,
    3,
    'Olive',
    'Molina',
    'razuppa@jih.gw',
    '10/01/23',
    'Zewekse',
    'WS'
);
insert into employees (
    id,
    job_id,
    first_name,
    last_name,
    email,
    hire_date,
    city,
    country
) values (
    72,
    3,
    'Bobby',
    'Pearson',
    'ib@futih.je',
    '10/01/23',
    'Faromo',
    'GQ'
);
insert into employees (
    id,
    job_id,
    first_name,
    last_name,
    email,
    hire_date,
    city,
    country
) values (
    73,
    2,
    'Ronnie',
    'Salucci',
    'tohhij@ujaez.hk',
    '10/01/23',
    'Goborofu',
    'GP'
);
insert into employees (
    id,
    job_id,
    first_name,
    last_name,
    email,
    hire_date,
    city,
    country
) values (
    74,
    2,
    'Frances',
    'Koopmans',
    'foga@unuluoju.gu',
    '10/01/23',
    'Fuswuzzub',
    'TZ'
);
insert into employees (
    id,
    job_id,
    first_name,
    last_name,
    email,
    hire_date,
    city,
    country
) values (
    75,
    3,
    'Olivia',
    'Vidal',
    'hivwerip@opitdep.bd',
    '10/01/23',
    'Gazgusu',
    'SG'
);
insert into employees (
    id,
    job_id,
    first_name,
    last_name,
    email,
    hire_date,
    city,
    country
) values (
    76,
    2,
    'Lydia',
    'Brun',
    'zedekak@cezif.qa',
    '10/01/23',
    'Vipiul',
    'KH'
);
insert into employees (
    id,
    job_id,
    first_name,
    last_name,
    email,
    hire_date,
    city,
    country
) values (
    77,
    1,
    'Isabel',
    'Serafini',
    'turuhu@tog.mo',
    '10/01/23',
    'Lumjoda',
    'KP'
);
insert into employees (
    id,
    job_id,
    first_name,
    last_name,
    email,
    hire_date,
    city,
    country
) values (
    78,
    4,
    'Maurice',
    'Fabbrini',
    'rig@ri.mo',
    '10/01/23',
    'Mincewap',
    'GS'
);
insert into employees (
    id,
    job_id,
    first_name,
    last_name,
    email,
    hire_date,
    city,
    country
) values (
    79,
    3,
    'Jerry',
    'Hopkins',
    'fo@ripuw.nl',
    '10/01/23',
    'Haggijap',
    'SO'
);
insert into employees (
    id,
    job_id,
    first_name,
    last_name,
    email,
    hire_date,
    city,
    country
) values (
    80,
    1,
    'Anne',
    'Weiß',
    'kuvesa@geuhwe.uk',
    '10/01/23',
    'Febpahu',
    'UG'
);
insert into employees (
    id,
    job_id,
    first_name,
    last_name,
    email,
    hire_date,
    city,
    country
) values (
    81,
    4,
    'Lloyd',
    'Fani',
    'zev@domisuje.fj',
    '10/01/23',
    'Jifbeaga',
    'PY'
);
insert into employees (
    id,
    job_id,
    first_name,
    last_name,
    email,
    hire_date,
    city,
    country
) values (
    82,
    4,
    'Henry',
    'Gigli',
    'kaot@kocudin.bw',
    '10/01/23',
    'Upajuctuj',
    'LC'
);
insert into employees (
    id,
    job_id,
    first_name,
    last_name,
    email,
    hire_date,
    city,
    country
) values (
    83,
    4,
    'Gregory',
    'Cozzi',
    'eh@bahiwnos.zw',
    '10/01/23',
    'Zacleunu',
    'TO'
);
insert into employees (
    id,
    job_id,
    first_name,
    last_name,
    email,
    hire_date,
    city,
    country
) values (
    84,
    2,
    'Gertrude',
    'Verbeek',
    'pave@foh.ps',
    '10/01/23',
    'Duspaviw',
    'PK'
);
insert into employees (
    id,
    job_id,
    first_name,
    last_name,
    email,
    hire_date,
    city,
    country
) values (
    85,
    1,
    'Bryan',
    'Shaw',
    'ha@pen.net',
    '10/01/23',
    'Vulmutma',
    'MP'
);
insert into employees (
    id,
    job_id,
    first_name,
    last_name,
    email,
    hire_date,
    city,
    country
) values (
    86,
    4,
    'Gary',
    'Osborne',
    'do@vo.ms',
    '10/01/23',
    'Borivon',
    'BZ'
);
insert into employees (
    id,
    job_id,
    first_name,
    last_name,
    email,
    hire_date,
    city,
    country
) values (
    87,
    4,
    'Dustin',
    'Pestelli',
    'iwage@ceita.tn',
    '10/01/23',
    'Mepopoju',
    'KR'
);
insert into employees (
    id,
    job_id,
    first_name,
    last_name,
    email,
    hire_date,
    city,
    country
) values (
    88,
    3,
    'Francisco',
    'Giordano',
    'gojawu@zivujebe.yt',
    '10/01/23',
    'Atarajip',
    'LY'
);
insert into employees (
    id,
    job_id,
    first_name,
    last_name,
    email,
    hire_date,
    city,
    country
) values (
    89,
    4,
    'Lula',
    'Testi',
    'benom@uniicucuc.gw',
    '10/01/23',
    'Ihelokbe',
    'GB'
);
insert into employees (
    id,
    job_id,
    first_name,
    last_name,
    email,
    hire_date,
    city,
    country
) values (
    90,
    1,
    'Linnie',
    'Driessen',
    'darhow@tecuupi.gm',
    '10/01/23',
    'Fawpidba',
    'MK'
);
insert into employees (
    id,
    job_id,
    first_name,
    last_name,
    email,
    hire_date,
    city,
    country
) values (
    91,
    2,
    'Augusta',
    'Sakai',
    'comouc@in.je',
    '10/01/23',
    'Wugfinsi',
    'KN'
);
insert into employees (
    id,
    job_id,
    first_name,
    last_name,
    email,
    hire_date,
    city,
    country
) values (
    92,
    4,
    'Joe',
    'Riley',
    'pe@gijcinsu.sl',
    '10/01/23',
    'Zimopjof',
    'BN'
);
insert into employees (
    id,
    job_id,
    first_name,
    last_name,
    email,
    hire_date,
    city,
    country
) values (
    93,
    1,
    'Florence',
    'Viviani',
    'vegub@tidewe.ve',
    '10/01/23',
    'Sicarwit',
    'IR'
);
insert into employees (
    id,
    job_id,
    first_name,
    last_name,
    email,
    hire_date,
    city,
    country
) values (
    94,
    2,
    'Celia',
    'Sodi',
    'agijit@iglic.bh',
    '10/01/23',
    'Heewirar',
    'IR'
);
insert into employees (
    id,
    job_id,
    first_name,
    last_name,
    email,
    hire_date,
    city,
    country
) values (
    95,
    1,
    'Fanny',
    'Parkinson',
    'tupwovali@imo.uz',
    '10/01/23',
    'Egikeki',
    'ML'
);
insert into employees (
    id,
    job_id,
    first_name,
    last_name,
    email,
    hire_date,
    city,
    country
) values (
    96,
    1,
    'Edith',
    'Brennan',
    'liowci@kofvo.bm',
    '10/01/23',
    'Jomiwu',
    'HK'
);
insert into employees (
    id,
    job_id,
    first_name,
    last_name,
    email,
    hire_date,
    city,
    country
) values (
    97,
    2,
    'Kathryn',
    'Huet',
    'wupikdoh@ror.io',
    '10/01/23',
    'Zadpitu',
    'TL'
);
insert into employees (
    id,
    job_id,
    first_name,
    last_name,
    email,
    hire_date,
    city,
    country
) values (
    98,
    3,
    'Virginia',
    'Woods',
    'soofpe@zeduc.vu',
    '10/01/23',
    'Vorwowvec',
    'SY'
);
insert into employees (
    id,
    job_id,
    first_name,
    last_name,
    email,
    hire_date,
    city,
    country
) values (
    99,
    1,
    'Isabelle',
    'de Ridder',
    'ufeco@pidob.hn',
    '10/01/23',
    'Sunuvni',
    'KP'
);
insert into employees (
    id,
    job_id,
    first_name,
    last_name,
    email,
    hire_date,
    city,
    country
) values (
    100,
    1,
    'Lou',
    'Meyer',
    'hahinaba@isvu.vn',
    '10/01/23',
    'Rototwu',
    'BA'
);

commit;

alter table employees
modify id generated always  as identity restart start with 101;


-- Generated by Quick SQL 1.2.9 22/04/2025, 18:01:00

/*
jobs /insert 4  
    name /upper /unique /check developer, analyst, manager, assistant

departments /insert 5  
    name vc100 /nn /upper /unique /check hr, development, legal, sales, operations  
    cost center num  

employees /insert 100    
    first_name vc100    
    last_name vc100    
    email /lower vc100    
    hire_date date /values '10/01/23'
    city vc100    
    country vc100    
    job id /references jobs

 Non-default options:
# settings = {"apex":"Y","db":"19c","pk":"IDENTITY"}

*/